layer	projection	null	actual_red	null_red	delta_pp
0	Q	uniform	0.6473	0.3979	24.94
0	Q	proj_hist	0.6473	0.5571	9.02
0	Q	tile_hist	0.6473	0.5540	9.33
0	Q	cross_out	0.6473	0.5536	9.37
0	K	uniform	0.6458	0.3976	24.82
0	K	proj_hist	0.6458	0.5836	6.22
0	K	tile_hist	0.6458	0.5538	9.20
0	K	cross_out	0.6458	0.5527	9.31
0	V	uniform	0.6469	0.3979	24.90
0	V	proj_hist	0.6469	0.5532	9.36
0	V	tile_hist	0.6469	0.5552	9.17
0	V	cross_out	0.6469	0.5536	9.32
0	O	uniform	0.6473	0.3986	24.87
0	O	proj_hist	0.6473	0.5547	9.27
0	O	tile_hist	0.6473	0.5565	9.08
0	O	cross_out	0.6473	0.5547	9.27
0	Gate	uniform	0.6496	0.3991	25.05
0	Gate	proj_hist	0.6496	0.5563	9.33
0	Gate	tile_hist	0.6496	0.5547	9.48
0	Gate	cross_out	0.6496	0.5554	9.42
0	Up	uniform	0.6490	0.3986	25.04
0	Up	proj_hist	0.6490	0.5576	9.14
0	Up	tile_hist	0.6490	0.5563	9.27
0	Up	cross_out	0.6490	0.5553	9.37
0	Down	uniform	0.6520	0.3954	25.66
0	Down	proj_hist	0.6520	0.5474	10.46
0	Down	tile_hist	0.6520	0.5588	9.32
0	Down	cross_out	0.6520	0.5591	9.29
1	Q	uniform	0.6462	0.3976	24.85
1	Q	proj_hist	0.6462	0.5549	9.13
1	Q	tile_hist	0.6462	0.5551	9.11
1	Q	cross_out	0.6462	0.5535	9.27
1	K	uniform	0.6470	0.3976	24.93
1	K	proj_hist	0.6470	0.5534	9.36
1	K	tile_hist	0.6470	0.5554	9.16
1	K	cross_out	0.6470	0.5544	9.26
1	V	uniform	0.6505	0.3967	25.38
1	V	proj_hist	0.6505	0.5599	9.05
1	V	tile_hist	0.6505	0.5577	9.27
1	V	cross_out	0.6505	0.5560	9.44
1	O	uniform	0.6488	0.3971	25.17
1	O	proj_hist	0.6488	0.5577	9.11
1	O	tile_hist	0.6488	0.5554	9.34
1	O	cross_out	0.6488	0.5554	9.34
1	Gate	uniform	0.6480	0.3980	25.00
1	Gate	proj_hist	0.6480	0.5601	8.80
1	Gate	tile_hist	0.6480	0.5540	9.41
1	Gate	cross_out	0.6480	0.5526	9.54
1	Up	uniform	0.6501	0.3973	25.29
1	Up	proj_hist	0.6501	0.5575	9.27
1	Up	tile_hist	0.6501	0.5573	9.29
1	Up	cross_out	0.6501	0.5563	9.39
1	Down	uniform	0.6490	0.3975	25.16
1	Down	proj_hist	0.6490	0.5494	9.97
1	Down	tile_hist	0.6490	0.5543	9.48
1	Down	cross_out	0.6490	0.5524	9.67
2	Q	uniform	0.6467	0.3978	24.90
2	Q	proj_hist	0.6467	0.5580	8.87
2	Q	tile_hist	0.6467	0.5547	9.20
2	Q	cross_out	0.6467	0.5533	9.34
2	K	uniform	0.6495	0.3976	25.19
2	K	proj_hist	0.6495	0.5591	9.05
2	K	tile_hist	0.6495	0.5566	9.29
2	K	cross_out	0.6495	0.5558	9.38
2	V	uniform	0.6454	0.3966	24.88
2	V	proj_hist	0.6454	0.5566	8.87
2	V	tile_hist	0.6454	0.5528	9.26
2	V	cross_out	0.6454	0.5521	9.33
2	O	uniform	0.6479	0.3958	25.21
2	O	proj_hist	0.6479	0.5598	8.81
2	O	tile_hist	0.6479	0.5539	9.40
2	O	cross_out	0.6479	0.5538	9.41
2	Gate	uniform	0.6494	0.3981	25.12
2	Gate	proj_hist	0.6494	0.5610	8.84
2	Gate	tile_hist	0.6494	0.5555	9.39
2	Gate	cross_out	0.6494	0.5549	9.45
2	Up	uniform	0.6476	0.3975	25.01
2	Up	proj_hist	0.6476	0.5551	9.26
2	Up	tile_hist	0.6476	0.5541	9.36
2	Up	cross_out	0.6476	0.5536	9.40
2	Down	uniform	0.6515	0.3981	25.34
2	Down	proj_hist	0.6515	0.5683	8.32
2	Down	tile_hist	0.6515	0.5583	9.32
2	Down	cross_out	0.6515	0.5572	9.43
3	Q	uniform	0.6475	0.3972	25.03
3	Q	proj_hist	0.6475	0.5608	8.67
3	Q	tile_hist	0.6475	0.5545	9.30
3	Q	cross_out	0.6475	0.5530	9.45
3	K	uniform	0.6495	0.3967	25.27
3	K	proj_hist	0.6495	0.5501	9.94
3	K	tile_hist	0.6495	0.5559	9.36
3	K	cross_out	0.6495	0.5565	9.30
3	V	uniform	0.6479	0.3969	25.11
3	V	proj_hist	0.6479	0.5478	10.02
3	V	tile_hist	0.6479	0.5536	9.44
3	V	cross_out	0.6479	0.5521	9.58
3	O	uniform	0.6493	0.3981	25.12
3	O	proj_hist	0.6493	0.5544	9.48
3	O	tile_hist	0.6493	0.5569	9.23
3	O	cross_out	0.6493	0.5557	9.36
3	Gate	uniform	0.6476	0.3973	25.04
3	Gate	proj_hist	0.6476	0.5590	8.86
3	Gate	tile_hist	0.6476	0.5532	9.44
3	Gate	cross_out	0.6476	0.5526	9.50
3	Up	uniform	0.6445	0.3978	24.67
3	Up	proj_hist	0.6445	0.5604	8.41
3	Up	tile_hist	0.6445	0.5519	9.27
3	Up	cross_out	0.6445	0.5497	9.48
3	Down	uniform	0.6456	0.3976	24.80
3	Down	proj_hist	0.6456	0.5584	8.72
3	Down	tile_hist	0.6456	0.5539	9.17
3	Down	cross_out	0.6456	0.5520	9.36
4	Q	uniform	0.6508	0.3988	25.20
4	Q	proj_hist	0.6508	0.5591	9.16
4	Q	tile_hist	0.6508	0.5583	9.25
4	Q	cross_out	0.6508	0.5571	9.37
4	K	uniform	0.6448	0.3970	24.79
4	K	proj_hist	0.6448	0.5583	8.65
4	K	tile_hist	0.6448	0.5544	9.05
4	K	cross_out	0.6448	0.5530	9.19
4	V	uniform	0.6470	0.3973	24.96
4	V	proj_hist	0.6470	0.5386	10.84
4	V	tile_hist	0.6470	0.5535	9.35
4	V	cross_out	0.6470	0.5535	9.34
4	O	uniform	0.6498	0.3975	25.23
4	O	proj_hist	0.6498	0.5646	8.51
4	O	tile_hist	0.6498	0.5560	9.38
4	O	cross_out	0.6498	0.5547	9.51
4	Gate	uniform	0.6487	0.3975	25.12
4	Gate	proj_hist	0.6487	0.5619	8.68
4	Gate	tile_hist	0.6487	0.5552	9.34
4	Gate	cross_out	0.6487	0.5541	9.46
4	Up	uniform	0.6479	0.3978	25.01
4	Up	proj_hist	0.6479	0.5549	9.30
4	Up	tile_hist	0.6479	0.5551	9.28
4	Up	cross_out	0.6479	0.5555	9.24
4	Down	uniform	0.6492	0.3961	25.31
4	Down	proj_hist	0.6492	0.5591	9.01
4	Down	tile_hist	0.6492	0.5551	9.41
4	Down	cross_out	0.6492	0.5549	9.43
5	Q	uniform	0.6462	0.3991	24.71
5	Q	proj_hist	0.6462	0.5542	9.20
5	Q	tile_hist	0.6462	0.5543	9.20
5	Q	cross_out	0.6462	0.5532	9.31
5	K	uniform	0.6464	0.3974	24.90
5	K	proj_hist	0.6464	0.5734	7.31
5	K	tile_hist	0.6464	0.5559	9.05
5	K	cross_out	0.6464	0.5536	9.28
5	V	uniform	0.6478	0.3979	24.99
5	V	proj_hist	0.6478	0.5608	8.70
5	V	tile_hist	0.6478	0.5547	9.30
5	V	cross_out	0.6478	0.5529	9.49
5	O	uniform	0.6461	0.3979	24.82
5	O	proj_hist	0.6461	0.5595	8.66
5	O	tile_hist	0.6461	0.5528	9.33
5	O	cross_out	0.6461	0.5517	9.44
5	Gate	uniform	0.6503	0.3976	25.27
5	Gate	proj_hist	0.6503	0.5574	9.29
5	Gate	tile_hist	0.6503	0.5562	9.41
5	Gate	cross_out	0.6503	0.5570	9.33
5	Up	uniform	0.6462	0.3973	24.89
5	Up	proj_hist	0.6462	0.5588	8.74
5	Up	tile_hist	0.6462	0.5547	9.14
5	Up	cross_out	0.6462	0.5531	9.31
5	Down	uniform	0.6465	0.3969	24.96
5	Down	proj_hist	0.6465	0.5530	9.36
5	Down	tile_hist	0.6465	0.5517	9.48
5	Down	cross_out	0.6465	0.5518	9.47
6	Q	uniform	0.6483	0.3981	25.02
6	Q	proj_hist	0.6483	0.5512	9.71
6	Q	tile_hist	0.6483	0.5562	9.21
6	Q	cross_out	0.6483	0.5551	9.33
6	K	uniform	0.6450	0.3963	24.87
6	K	proj_hist	0.6450	0.5489	9.61
6	K	tile_hist	0.6450	0.5527	9.23
6	K	cross_out	0.6450	0.5511	9.39
6	V	uniform	0.6459	0.3988	24.71
6	V	proj_hist	0.6459	0.5542	9.17
6	V	tile_hist	0.6459	0.5540	9.20
6	V	cross_out	0.6459	0.5521	9.39
6	O	uniform	0.6481	0.3983	24.98
6	O	proj_hist	0.6481	0.5618	8.62
6	O	tile_hist	0.6481	0.5540	9.41
6	O	cross_out	0.6481	0.5539	9.42
6	Gate	uniform	0.6445	0.3969	24.77
6	Gate	proj_hist	0.6445	0.5529	9.16
6	Gate	tile_hist	0.6445	0.5515	9.30
6	Gate	cross_out	0.6445	0.5499	9.47
6	Up	uniform	0.6478	0.3974	25.04
6	Up	proj_hist	0.6478	0.5503	9.75
6	Up	tile_hist	0.6478	0.5555	9.23
6	Up	cross_out	0.6478	0.5549	9.28
6	Down	uniform	0.6445	0.3978	24.67
6	Down	proj_hist	0.6445	0.5594	8.51
6	Down	tile_hist	0.6445	0.5538	9.08
6	Down	cross_out	0.6445	0.5521	9.24
7	Q	uniform	0.6470	0.3983	24.87
7	Q	proj_hist	0.6470	0.5600	8.70
7	Q	tile_hist	0.6470	0.5535	9.35
7	Q	cross_out	0.6470	0.5523	9.47
7	K	uniform	0.6495	0.3990	25.05
7	K	proj_hist	0.6495	0.5648	8.47
7	K	tile_hist	0.6495	0.5572	9.23
7	K	cross_out	0.6495	0.5546	9.48
7	V	uniform	0.6509	0.3993	25.16
7	V	proj_hist	0.6509	0.5532	9.77
7	V	tile_hist	0.6509	0.5569	9.40
7	V	cross_out	0.6509	0.5570	9.39
7	O	uniform	0.6503	0.3971	25.32
7	O	proj_hist	0.6503	0.5607	8.97
7	O	tile_hist	0.6503	0.5562	9.41
7	O	cross_out	0.6503	0.5559	9.44
7	Gate	uniform	0.6506	0.3971	25.35
7	Gate	proj_hist	0.6506	0.5565	9.41
7	Gate	tile_hist	0.6506	0.5594	9.11
7	Gate	cross_out	0.6506	0.5576	9.30
7	Up	uniform	0.6473	0.3987	24.86
7	Up	proj_hist	0.6473	0.5583	8.89
7	Up	tile_hist	0.6473	0.5579	8.94
7	Up	cross_out	0.6473	0.5571	9.01
7	Down	uniform	0.6470	0.3975	24.95
7	Down	proj_hist	0.6470	0.5661	8.09
7	Down	tile_hist	0.6470	0.5555	9.14
7	Down	cross_out	0.6470	0.5554	9.16
8	Q	uniform	0.6503	0.3977	25.26
8	Q	proj_hist	0.6503	0.5604	8.99
8	Q	tile_hist	0.6503	0.5551	9.53
8	Q	cross_out	0.6503	0.5551	9.53
8	K	uniform	0.6480	0.3975	25.05
8	K	proj_hist	0.6480	0.5613	8.67
8	K	tile_hist	0.6480	0.5543	9.38
8	K	cross_out	0.6480	0.5542	9.38
8	V	uniform	0.6477	0.3979	24.98
8	V	proj_hist	0.6477	0.5610	8.67
8	V	tile_hist	0.6477	0.5533	9.44
8	V	cross_out	0.6477	0.5530	9.47
8	O	uniform	0.6501	0.3974	25.27
8	O	proj_hist	0.6501	0.5620	8.82
8	O	tile_hist	0.6501	0.5565	9.36
8	O	cross_out	0.6501	0.5571	9.30
8	Gate	uniform	0.6487	0.3978	25.09
8	Gate	proj_hist	0.6487	0.5563	9.23
8	Gate	tile_hist	0.6487	0.5551	9.36
8	Gate	cross_out	0.6487	0.5529	9.58
8	Up	uniform	0.6478	0.3976	25.02
8	Up	proj_hist	0.6478	0.5591	8.87
8	Up	tile_hist	0.6478	0.5554	9.25
8	Up	cross_out	0.6478	0.5528	9.50
8	Down	uniform	0.6466	0.3982	24.84
8	Down	proj_hist	0.6466	0.5601	8.65
8	Down	tile_hist	0.6466	0.5531	9.35
8	Down	cross_out	0.6466	0.5520	9.46
9	Q	uniform	0.6437	0.3982	24.55
9	Q	proj_hist	0.6437	0.5541	8.96
9	Q	tile_hist	0.6437	0.5543	8.94
9	Q	cross_out	0.6437	0.5515	9.22
9	K	uniform	0.6505	0.3979	25.26
9	K	proj_hist	0.6505	0.5565	9.40
9	K	tile_hist	0.6505	0.5557	9.48
9	K	cross_out	0.6505	0.5555	9.50
9	V	uniform	0.6470	0.3975	24.96
9	V	proj_hist	0.6470	0.5602	8.69
9	V	tile_hist	0.6470	0.5533	9.37
9	V	cross_out	0.6470	0.5507	9.63
9	O	uniform	0.6468	0.3972	24.96
9	O	proj_hist	0.6468	0.5565	9.03
9	O	tile_hist	0.6468	0.5583	8.85
9	O	cross_out	0.6468	0.5560	9.08
9	Gate	uniform	0.6462	0.3962	24.99
9	Gate	proj_hist	0.6462	0.5590	8.72
9	Gate	tile_hist	0.6462	0.5532	9.30
9	Gate	cross_out	0.6462	0.5534	9.28
9	Up	uniform	0.6467	0.3987	24.79
9	Up	proj_hist	0.6467	0.5574	8.92
9	Up	tile_hist	0.6467	0.5544	9.23
9	Up	cross_out	0.6467	0.5540	9.27
9	Down	uniform	0.6467	0.3979	24.88
9	Down	proj_hist	0.6467	0.5602	8.65
9	Down	tile_hist	0.6467	0.5536	9.31
9	Down	cross_out	0.6467	0.5508	9.59
10	Q	uniform	0.6471	0.3974	24.97
10	Q	proj_hist	0.6471	0.5594	8.76
10	Q	tile_hist	0.6471	0.5552	9.19
10	Q	cross_out	0.6471	0.5547	9.24
10	K	uniform	0.6479	0.3978	25.01
10	K	proj_hist	0.6479	0.5675	8.04
10	K	tile_hist	0.6479	0.5551	9.29
10	K	cross_out	0.6479	0.5544	9.35
10	V	uniform	0.6478	0.3985	24.93
10	V	proj_hist	0.6478	0.5527	9.50
10	V	tile_hist	0.6478	0.5532	9.45
10	V	cross_out	0.6478	0.5526	9.52
10	O	uniform	0.6448	0.3981	24.67
10	O	proj_hist	0.6448	0.5590	8.58
10	O	tile_hist	0.6448	0.5527	9.21
10	O	cross_out	0.6448	0.5506	9.42
10	Gate	uniform	0.6479	0.3978	25.01
10	Gate	proj_hist	0.6479	0.5577	9.03
10	Gate	tile_hist	0.6479	0.5550	9.30
10	Gate	cross_out	0.6479	0.5535	9.45
10	Up	uniform	0.6500	0.3988	25.12
10	Up	proj_hist	0.6500	0.5579	9.21
10	Up	tile_hist	0.6500	0.5569	9.30
10	Up	cross_out	0.6500	0.5570	9.30
10	Down	uniform	0.6481	0.3966	25.15
10	Down	proj_hist	0.6481	0.5560	9.21
10	Down	tile_hist	0.6481	0.5557	9.25
10	Down	cross_out	0.6481	0.5565	9.16
11	Q	uniform	0.6479	0.3978	25.01
11	Q	proj_hist	0.6479	0.5533	9.46
11	Q	tile_hist	0.6479	0.5551	9.28
11	Q	cross_out	0.6479	0.5548	9.31
11	K	uniform	0.6476	0.3980	24.96
11	K	proj_hist	0.6476	0.5463	10.13
11	K	tile_hist	0.6476	0.5535	9.41
11	K	cross_out	0.6476	0.5541	9.35
11	V	uniform	0.6476	0.3986	24.91
11	V	proj_hist	0.6476	0.5610	8.67
11	V	tile_hist	0.6476	0.5554	9.23
11	V	cross_out	0.6476	0.5547	9.30
11	O	uniform	0.6476	0.3982	24.95
11	O	proj_hist	0.6476	0.5569	9.08
11	O	tile_hist	0.6476	0.5562	9.15
11	O	cross_out	0.6476	0.5539	9.38
11	Gate	uniform	0.6490	0.3976	25.13
11	Gate	proj_hist	0.6490	0.5569	9.21
11	Gate	tile_hist	0.6490	0.5557	9.33
11	Gate	cross_out	0.6490	0.5561	9.29
11	Up	uniform	0.6479	0.3982	24.98
11	Up	proj_hist	0.6479	0.5595	8.84
11	Up	tile_hist	0.6479	0.5566	9.14
11	Up	cross_out	0.6479	0.5546	9.33
11	Down	uniform	0.6474	0.3976	24.98
11	Down	proj_hist	0.6474	0.5562	9.12
11	Down	tile_hist	0.6474	0.5533	9.41
11	Down	cross_out	0.6474	0.5535	9.39
12	Q	uniform	0.6475	0.3975	25.00
12	Q	proj_hist	0.6475	0.5574	9.01
12	Q	tile_hist	0.6475	0.5551	9.25
12	Q	cross_out	0.6475	0.5538	9.37
12	K	uniform	0.6492	0.3969	25.23
12	K	proj_hist	0.6492	0.5634	8.58
12	K	tile_hist	0.6492	0.5588	9.04
12	K	cross_out	0.6492	0.5567	9.25
12	V	uniform	0.6489	0.3974	25.15
12	V	proj_hist	0.6489	0.5668	8.21
12	V	tile_hist	0.6489	0.5555	9.34
12	V	cross_out	0.6489	0.5543	9.46
12	O	uniform	0.6472	0.3968	25.04
12	O	proj_hist	0.6472	0.5585	8.87
12	O	tile_hist	0.6472	0.5543	9.30
12	O	cross_out	0.6472	0.5527	9.45
12	Gate	uniform	0.6484	0.3987	24.98
12	Gate	proj_hist	0.6484	0.5557	9.28
12	Gate	tile_hist	0.6484	0.5562	9.23
12	Gate	cross_out	0.6484	0.5539	9.45
12	Up	uniform	0.6462	0.3972	24.91
12	Up	proj_hist	0.6462	0.5555	9.08
12	Up	tile_hist	0.6462	0.5557	9.05
12	Up	cross_out	0.6462	0.5543	9.19
12	Down	uniform	0.6446	0.3976	24.70
12	Down	proj_hist	0.6446	0.5591	8.55
12	Down	tile_hist	0.6446	0.5519	9.27
12	Down	cross_out	0.6446	0.5532	9.14
13	Q	uniform	0.6453	0.3975	24.77
13	Q	proj_hist	0.6453	0.5535	9.18
13	Q	tile_hist	0.6453	0.5529	9.23
13	Q	cross_out	0.6453	0.5513	9.40
13	K	uniform	0.6472	0.3973	24.99
13	K	proj_hist	0.6472	0.5558	9.14
13	K	tile_hist	0.6472	0.5547	9.25
13	K	cross_out	0.6472	0.5538	9.34
13	V	uniform	0.6428	0.3959	24.69
13	V	proj_hist	0.6428	0.5561	8.67
13	V	tile_hist	0.6428	0.5523	9.05
13	V	cross_out	0.6428	0.5493	9.35
13	O	uniform	0.6459	0.3992	24.67
13	O	proj_hist	0.6459	0.5635	8.23
13	O	tile_hist	0.6459	0.5538	9.20
13	O	cross_out	0.6459	0.5530	9.29
13	Gate	uniform	0.6480	0.3979	25.01
13	Gate	proj_hist	0.6480	0.5580	9.00
13	Gate	tile_hist	0.6480	0.5560	9.20
13	Gate	cross_out	0.6480	0.5550	9.30
13	Up	uniform	0.6507	0.3984	25.23
13	Up	proj_hist	0.6507	0.5582	9.25
13	Up	tile_hist	0.6507	0.5570	9.37
13	Up	cross_out	0.6507	0.5568	9.39
13	Down	uniform	0.6435	0.3987	24.48
13	Down	proj_hist	0.6435	0.5547	8.88
13	Down	tile_hist	0.6435	0.5519	9.16
13	Down	cross_out	0.6435	0.5526	9.09
14	Q	uniform	0.6485	0.3979	25.05
14	Q	proj_hist	0.6485	0.5571	9.14
14	Q	tile_hist	0.6485	0.5563	9.22
14	Q	cross_out	0.6485	0.5557	9.28
14	K	uniform	0.6511	0.3976	25.35
14	K	proj_hist	0.6511	0.5646	8.65
14	K	tile_hist	0.6511	0.5575	9.36
14	K	cross_out	0.6511	0.5569	9.42
14	V	uniform	0.6457	0.3973	24.84
14	V	proj_hist	0.6457	0.5478	9.79
14	V	tile_hist	0.6457	0.5534	9.23
14	V	cross_out	0.6457	0.5527	9.30
14	O	uniform	0.6478	0.3980	24.98
14	O	proj_hist	0.6478	0.5654	8.24
14	O	tile_hist	0.6478	0.5569	9.08
14	O	cross_out	0.6478	0.5562	9.16
14	Gate	uniform	0.6474	0.3981	24.93
14	Gate	proj_hist	0.6474	0.5562	9.12
14	Gate	tile_hist	0.6474	0.5561	9.13
14	Gate	cross_out	0.6474	0.5540	9.34
14	Up	uniform	0.6469	0.3972	24.97
14	Up	proj_hist	0.6469	0.5543	9.26
14	Up	tile_hist	0.6469	0.5557	9.11
14	Up	cross_out	0.6469	0.5556	9.12
14	Down	uniform	0.5075	0.3992	10.83
14	Down	proj_hist	0.5075	0.4926	1.49
14	Down	tile_hist	0.5075	0.4993	0.82
14	Down	cross_out	0.5075	0.4952	1.23
15	Q	uniform	0.4667	0.3966	7.01
15	Q	proj_hist	0.4667	0.4539	1.28
15	Q	tile_hist	0.4667	0.4553	1.15
15	Q	cross_out	0.4667	0.4549	1.18
15	K	uniform	0.4694	0.3979	7.15
15	K	proj_hist	0.4694	0.4467	2.27
15	K	tile_hist	0.4694	0.4591	1.03
15	K	cross_out	0.4694	0.4589	1.06
15	V	uniform	0.4715	0.3979	7.35
15	V	proj_hist	0.4715	0.4654	0.61
15	V	tile_hist	0.4715	0.4576	1.39
15	V	cross_out	0.4715	0.4579	1.36
15	O	uniform	0.4669	0.3969	7.00
15	O	proj_hist	0.4669	0.4571	0.98
15	O	tile_hist	0.4669	0.4539	1.31
15	O	cross_out	0.4669	0.4537	1.32
15	Gate	uniform	0.4672	0.3975	6.97
15	Gate	proj_hist	0.4672	0.4622	0.50
15	Gate	tile_hist	0.4672	0.4567	1.05
15	Gate	cross_out	0.4672	0.4568	1.04
15	Up	uniform	0.4674	0.3970	7.04
15	Up	proj_hist	0.4674	0.4578	0.96
15	Up	tile_hist	0.4674	0.4539	1.35
15	Up	cross_out	0.4674	0.4535	1.39
15	Down	uniform	0.4711	0.3972	7.39
15	Down	proj_hist	0.4711	0.4583	1.28
15	Down	tile_hist	0.4711	0.4622	0.89
15	Down	cross_out	0.4711	0.4591	1.20
16	Q	uniform	0.4665	0.3965	6.99
16	Q	proj_hist	0.4665	0.4551	1.14
16	Q	tile_hist	0.4665	0.4567	0.98
16	Q	cross_out	0.4665	0.4548	1.17
16	K	uniform	0.4670	0.3975	6.96
16	K	proj_hist	0.4670	0.4720	-0.49
16	K	tile_hist	0.4670	0.4555	1.15
16	K	cross_out	0.4670	0.4536	1.35
16	V	uniform	0.4628	0.3976	6.52
16	V	proj_hist	0.4628	0.4447	1.81
16	V	tile_hist	0.4628	0.4523	1.05
16	V	cross_out	0.4628	0.4520	1.09
16	O	uniform	0.4656	0.3967	6.88
16	O	proj_hist	0.4656	0.4743	-0.87
16	O	tile_hist	0.4656	0.4531	1.25
16	O	cross_out	0.4656	0.4532	1.24
16	Gate	uniform	0.4667	0.3979	6.88
16	Gate	proj_hist	0.4667	0.4554	1.12
16	Gate	tile_hist	0.4667	0.4544	1.23
16	Gate	cross_out	0.4667	0.4542	1.25
16	Up	uniform	0.4670	0.3962	7.09
16	Up	proj_hist	0.4670	0.4561	1.09
16	Up	tile_hist	0.4670	0.4558	1.12
16	Up	cross_out	0.4670	0.4551	1.19
16	Down	uniform	0.4758	0.3977	7.81
16	Down	proj_hist	0.4758	0.4624	1.34
16	Down	tile_hist	0.4758	0.4638	1.20
16	Down	cross_out	0.4758	0.4626	1.31
17	Q	uniform	0.4669	0.3970	6.99
17	Q	proj_hist	0.4669	0.4614	0.56
17	Q	tile_hist	0.4669	0.4558	1.11
17	Q	cross_out	0.4669	0.4536	1.33
17	K	uniform	0.4643	0.3972	6.71
17	K	proj_hist	0.4643	0.4508	1.35
17	K	tile_hist	0.4643	0.4509	1.34
17	K	cross_out	0.4643	0.4509	1.34
17	V	uniform	0.4673	0.3988	6.85
17	V	proj_hist	0.4673	0.4424	2.48
17	V	tile_hist	0.4673	0.4554	1.19
17	V	cross_out	0.4673	0.4548	1.25
17	O	uniform	0.4674	0.3977	6.97
17	O	proj_hist	0.4674	0.4516	1.58
17	O	tile_hist	0.4674	0.4569	1.05
17	O	cross_out	0.4674	0.4552	1.22
17	Gate	uniform	0.4680	0.3975	7.05
17	Gate	proj_hist	0.4680	0.4615	0.65
17	Gate	tile_hist	0.4680	0.4575	1.05
17	Gate	cross_out	0.4680	0.4576	1.04
17	Up	uniform	0.4667	0.3975	6.92
17	Up	proj_hist	0.4667	0.4554	1.14
17	Up	tile_hist	0.4667	0.4554	1.14
17	Up	cross_out	0.4667	0.4557	1.10
17	Down	uniform	0.4662	0.3963	6.99
17	Down	proj_hist	0.4662	0.4688	-0.25
17	Down	tile_hist	0.4662	0.4574	0.89
17	Down	cross_out	0.4662	0.4554	1.08
18	Q	uniform	0.4618	0.3972	6.46
18	Q	proj_hist	0.4618	0.4500	1.18
18	Q	tile_hist	0.4618	0.4532	0.85
18	Q	cross_out	0.4618	0.4505	1.13
18	K	uniform	0.4628	0.3980	6.48
18	K	proj_hist	0.4628	0.4497	1.31
18	K	tile_hist	0.4628	0.4528	1.00
18	K	cross_out	0.4628	0.4506	1.21
18	V	uniform	0.4672	0.3975	6.97
18	V	proj_hist	0.4672	0.4598	0.74
18	V	tile_hist	0.4672	0.4557	1.15
18	V	cross_out	0.4672	0.4534	1.38
18	O	uniform	0.4689	0.3982	7.07
18	O	proj_hist	0.4689	0.4604	0.85
18	O	tile_hist	0.4689	0.4565	1.24
18	O	cross_out	0.4689	0.4543	1.46
18	Gate	uniform	0.4709	0.3967	7.43
18	Gate	proj_hist	0.4709	0.4577	1.32
18	Gate	tile_hist	0.4709	0.4603	1.07
18	Gate	cross_out	0.4709	0.4599	1.10
18	Up	uniform	0.4669	0.3979	6.90
18	Up	proj_hist	0.4669	0.4614	0.56
18	Up	tile_hist	0.4669	0.4556	1.13
18	Up	cross_out	0.4669	0.4536	1.34
18	Down	uniform	0.4707	0.3990	7.17
18	Down	proj_hist	0.4707	0.4709	-0.02
18	Down	tile_hist	0.4707	0.4589	1.18
18	Down	cross_out	0.4707	0.4558	1.49
19	Q	uniform	0.4650	0.3975	6.75
19	Q	proj_hist	0.4650	0.4548	1.03
19	Q	tile_hist	0.4650	0.4539	1.11
19	Q	cross_out	0.4650	0.4526	1.25
19	K	uniform	0.4654	0.3970	6.84
19	K	proj_hist	0.4654	0.4395	2.59
19	K	tile_hist	0.4654	0.4563	0.91
19	K	cross_out	0.4654	0.4536	1.18
19	V	uniform	0.4639	0.3991	6.48
19	V	proj_hist	0.4639	0.4652	-0.13
19	V	tile_hist	0.4639	0.4528	1.10
19	V	cross_out	0.4639	0.4531	1.07
19	O	uniform	0.4595	0.3976	6.19
19	O	proj_hist	0.4595	0.4506	0.89
19	O	tile_hist	0.4595	0.4500	0.95
19	O	cross_out	0.4595	0.4485	1.10
19	Gate	uniform	0.4663	0.3976	6.87
19	Gate	proj_hist	0.4663	0.4575	0.89
19	Gate	tile_hist	0.4663	0.4571	0.92
19	Gate	cross_out	0.4663	0.4553	1.10
19	Up	uniform	0.4656	0.3985	6.71
19	Up	proj_hist	0.4656	0.4614	0.42
19	Up	tile_hist	0.4656	0.4571	0.85
19	Up	cross_out	0.4656	0.4557	0.99
19	Down	uniform	0.4691	0.3973	7.18
19	Down	proj_hist	0.4691	0.4515	1.76
19	Down	tile_hist	0.4691	0.4594	0.96
19	Down	cross_out	0.4691	0.4586	1.04
20	Q	uniform	0.4631	0.3965	6.66
20	Q	proj_hist	0.4631	0.4573	0.59
20	Q	tile_hist	0.4631	0.4541	0.90
20	Q	cross_out	0.4631	0.4541	0.90
20	K	uniform	0.4633	0.3972	6.60
20	K	proj_hist	0.4633	0.4669	-0.36
20	K	tile_hist	0.4633	0.4542	0.90
20	K	cross_out	0.4633	0.4523	1.09
20	V	uniform	0.4682	0.3978	7.04
20	V	proj_hist	0.4682	0.4541	1.41
20	V	tile_hist	0.4682	0.4587	0.95
20	V	cross_out	0.4682	0.4559	1.23
20	O	uniform	0.4661	0.3986	6.74
20	O	proj_hist	0.4661	0.4520	1.41
20	O	tile_hist	0.4661	0.4523	1.37
20	O	cross_out	0.4661	0.4520	1.41
20	Gate	uniform	0.4681	0.3971	7.10
20	Gate	proj_hist	0.4681	0.4615	0.65
20	Gate	tile_hist	0.4681	0.4572	1.09
20	Gate	cross_out	0.4681	0.4569	1.12
20	Up	uniform	0.4656	0.3983	6.73
20	Up	proj_hist	0.4656	0.4548	1.08
20	Up	tile_hist	0.4656	0.4549	1.07
20	Up	cross_out	0.4656	0.4537	1.19
20	Down	uniform	0.4670	0.3982	6.88
20	Down	proj_hist	0.4670	0.4567	1.04
20	Down	tile_hist	0.4670	0.4576	0.95
20	Down	cross_out	0.4670	0.4539	1.31
21	Q	uniform	0.4634	0.3972	6.62
21	Q	proj_hist	0.4634	0.4468	1.66
21	Q	tile_hist	0.4634	0.4517	1.18
21	Q	cross_out	0.4634	0.4522	1.12
21	K	uniform	0.4624	0.3986	6.38
21	K	proj_hist	0.4624	0.4641	-0.16
21	K	tile_hist	0.4624	0.4514	1.10
21	K	cross_out	0.4624	0.4498	1.26
21	V	uniform	0.4655	0.3978	6.77
21	V	proj_hist	0.4655	0.4765	-1.10
21	V	tile_hist	0.4655	0.4547	1.08
21	V	cross_out	0.4655	0.4525	1.29
21	O	uniform	0.4619	0.3979	6.40
21	O	proj_hist	0.4619	0.4531	0.88
21	O	tile_hist	0.4619	0.4532	0.86
21	O	cross_out	0.4619	0.4503	1.15
21	Gate	uniform	0.4689	0.3986	7.03
21	Gate	proj_hist	0.4689	0.4649	0.40
21	Gate	tile_hist	0.4689	0.4601	0.89
21	Gate	cross_out	0.4689	0.4569	1.20
21	Up	uniform	0.4670	0.3974	6.96
21	Up	proj_hist	0.4670	0.4584	0.86
21	Up	tile_hist	0.4670	0.4575	0.95
21	Up	cross_out	0.4670	0.4555	1.15
21	Down	uniform	0.4617	0.3962	6.55
21	Down	proj_hist	0.4617	0.4550	0.67
21	Down	tile_hist	0.4617	0.4538	0.79
21	Down	cross_out	0.4617	0.4530	0.87
22	Q	uniform	0.4655	0.3985	6.70
22	Q	proj_hist	0.4655	0.4529	1.25
22	Q	tile_hist	0.4655	0.4548	1.07
22	Q	cross_out	0.4655	0.4531	1.24
22	K	uniform	0.4688	0.3978	7.10
22	K	proj_hist	0.4688	0.4478	2.09
22	K	tile_hist	0.4688	0.4583	1.04
22	K	cross_out	0.4688	0.4578	1.10
22	V	uniform	0.4633	0.3978	6.56
22	V	proj_hist	0.4633	0.4731	-0.98
22	V	tile_hist	0.4633	0.4527	1.06
22	V	cross_out	0.4633	0.4514	1.19
22	O	uniform	0.4652	0.3987	6.65
22	O	proj_hist	0.4652	0.4631	0.21
22	O	tile_hist	0.4652	0.4551	1.01
22	O	cross_out	0.4652	0.4550	1.02
22	Gate	uniform	0.4738	0.3969	7.69
22	Gate	proj_hist	0.4738	0.4587	1.51
22	Gate	tile_hist	0.4738	0.4615	1.23
22	Gate	cross_out	0.4738	0.4596	1.42
22	Up	uniform	0.4690	0.3976	7.14
22	Up	proj_hist	0.4690	0.4581	1.09
22	Up	tile_hist	0.4690	0.4579	1.10
22	Up	cross_out	0.4690	0.4586	1.04
22	Down	uniform	0.4624	0.3987	6.37
22	Down	proj_hist	0.4624	0.4595	0.29
22	Down	tile_hist	0.4624	0.4491	1.33
22	Down	cross_out	0.4624	0.4498	1.26
23	Q	uniform	0.4675	0.3978	6.97
23	Q	proj_hist	0.4675	0.4525	1.50
23	Q	tile_hist	0.4675	0.4559	1.16
23	Q	cross_out	0.4675	0.4565	1.10
23	K	uniform	0.4643	0.3986	6.57
23	K	proj_hist	0.4643	0.4597	0.46
23	K	tile_hist	0.4643	0.4531	1.12
23	K	cross_out	0.4643	0.4504	1.39
23	V	uniform	0.4680	0.3986	6.95
23	V	proj_hist	0.4680	0.4419	2.61
23	V	tile_hist	0.4680	0.4581	0.99
23	V	cross_out	0.4680	0.4560	1.20
23	O	uniform	0.4667	0.3982	6.85
23	O	proj_hist	0.4667	0.4576	0.90
23	O	tile_hist	0.4667	0.4580	0.87
23	O	cross_out	0.4667	0.4567	1.00
23	Gate	uniform	0.4713	0.3974	7.39
23	Gate	proj_hist	0.4713	0.4584	1.28
23	Gate	tile_hist	0.4713	0.4590	1.23
23	Gate	cross_out	0.4713	0.4571	1.42
23	Up	uniform	0.4717	0.3962	7.56
23	Up	proj_hist	0.4717	0.4621	0.96
23	Up	tile_hist	0.4717	0.4601	1.17
23	Up	cross_out	0.4717	0.4598	1.20
23	Down	uniform	0.4685	0.3981	7.04
23	Down	proj_hist	0.4685	0.4622	0.63
23	Down	tile_hist	0.4685	0.4550	1.35
23	Down	cross_out	0.4685	0.4548	1.37
24	Q	uniform	0.4645	0.3978	6.67
24	Q	proj_hist	0.4645	0.4643	0.02
24	Q	tile_hist	0.4645	0.4536	1.09
24	Q	cross_out	0.4645	0.4523	1.21
24	K	uniform	0.4667	0.3972	6.95
24	K	proj_hist	0.4667	0.4469	1.98
24	K	tile_hist	0.4667	0.4581	0.86
24	K	cross_out	0.4667	0.4572	0.95
24	V	uniform	0.4675	0.3989	6.86
24	V	proj_hist	0.4675	0.4741	-0.66
24	V	tile_hist	0.4675	0.4586	0.89
24	V	cross_out	0.4675	0.4573	1.01
24	O	uniform	0.4721	0.3983	7.38
24	O	proj_hist	0.4721	0.4611	1.10
24	O	tile_hist	0.4721	0.4597	1.24
24	O	cross_out	0.4721	0.4579	1.42
24	Gate	uniform	0.4716	0.3978	7.37
24	Gate	proj_hist	0.4716	0.4655	0.61
24	Gate	tile_hist	0.4716	0.4623	0.92
24	Gate	cross_out	0.4716	0.4610	1.06
24	Up	uniform	0.4733	0.3975	7.57
24	Up	proj_hist	0.4733	0.4571	1.62
24	Up	tile_hist	0.4733	0.4626	1.07
24	Up	cross_out	0.4733	0.4626	1.06
24	Down	uniform	0.4689	0.3988	7.01
24	Down	proj_hist	0.4689	0.4600	0.89
24	Down	tile_hist	0.4689	0.4598	0.91
24	Down	cross_out	0.4689	0.4559	1.30
25	Q	uniform	0.4706	0.3968	7.38
25	Q	proj_hist	0.4706	0.4577	1.29
25	Q	tile_hist	0.4706	0.4585	1.21
25	Q	cross_out	0.4706	0.4571	1.35
25	K	uniform	0.4692	0.3989	7.04
25	K	proj_hist	0.4692	0.4741	-0.49
25	K	tile_hist	0.4692	0.4598	0.95
25	K	cross_out	0.4692	0.4566	1.26
25	V	uniform	0.4730	0.3983	7.46
25	V	proj_hist	0.4730	0.4631	0.99
25	V	tile_hist	0.4730	0.4591	1.39
25	V	cross_out	0.4730	0.4589	1.41
25	O	uniform	0.4667	0.3969	6.99
25	O	proj_hist	0.4667	0.4606	0.62
25	O	tile_hist	0.4667	0.4584	0.83
25	O	cross_out	0.4667	0.4567	1.00
25	Gate	uniform	0.4681	0.3990	6.91
25	Gate	proj_hist	0.4681	0.4644	0.38
25	Gate	tile_hist	0.4681	0.4578	1.04
25	Gate	cross_out	0.4681	0.4556	1.25
25	Up	uniform	0.4669	0.3979	6.89
25	Up	proj_hist	0.4669	0.4594	0.74
25	Up	tile_hist	0.4669	0.4528	1.41
25	Up	cross_out	0.4669	0.4517	1.52
25	Down	uniform	0.4684	0.3980	7.04
25	Down	proj_hist	0.4684	0.4537	1.47
25	Down	tile_hist	0.4684	0.4590	0.93
25	Down	cross_out	0.4684	0.4574	1.10
26	Q	uniform	0.4684	0.3974	7.10
26	Q	proj_hist	0.4684	0.4656	0.28
26	Q	tile_hist	0.4684	0.4561	1.23
26	Q	cross_out	0.4684	0.4549	1.35
26	K	uniform	0.4643	0.3969	6.74
26	K	proj_hist	0.4643	0.4549	0.94
26	K	tile_hist	0.4643	0.4549	0.94
26	K	cross_out	0.4643	0.4509	1.34
26	V	uniform	0.4713	0.3970	7.43
26	V	proj_hist	0.4713	0.4509	2.04
26	V	tile_hist	0.4713	0.4597	1.16
26	V	cross_out	0.4713	0.4587	1.26
26	O	uniform	0.4734	0.3988	7.46
26	O	proj_hist	0.4734	0.4733	0.01
26	O	tile_hist	0.4734	0.4615	1.18
26	O	cross_out	0.4734	0.4607	1.27
26	Gate	uniform	0.4725	0.3969	7.57
26	Gate	proj_hist	0.4725	0.4639	0.86
26	Gate	tile_hist	0.4725	0.4641	0.85
26	Gate	cross_out	0.4725	0.4615	1.10
26	Up	uniform	0.4669	0.3982	6.87
26	Up	proj_hist	0.4669	0.4588	0.81
26	Up	tile_hist	0.4669	0.4523	1.46
26	Up	cross_out	0.4669	0.4540	1.29
26	Down	uniform	0.4713	0.3993	7.20
26	Down	proj_hist	0.4713	0.4616	0.97
26	Down	tile_hist	0.4713	0.4615	0.98
26	Down	cross_out	0.4713	0.4608	1.06
27	Q	uniform	0.4718	0.3968	7.50
27	Q	proj_hist	0.4718	0.4628	0.90
27	Q	tile_hist	0.4718	0.4595	1.23
27	Q	cross_out	0.4718	0.4590	1.28
27	K	uniform	0.4687	0.3967	7.20
27	K	proj_hist	0.4687	0.4653	0.34
27	K	tile_hist	0.4687	0.4586	1.01
27	K	cross_out	0.4687	0.4572	1.15
27	V	uniform	0.4696	0.3977	7.19
27	V	proj_hist	0.4696	0.4686	0.10
27	V	tile_hist	0.4696	0.4630	0.66
27	V	cross_out	0.4696	0.4604	0.92
27	O	uniform	0.4684	0.3973	7.11
27	O	proj_hist	0.4684	0.4556	1.28
27	O	tile_hist	0.4684	0.4576	1.07
27	O	cross_out	0.4684	0.4553	1.31
27	Gate	uniform	0.4725	0.3973	7.51
27	Gate	proj_hist	0.4725	0.4598	1.27
27	Gate	tile_hist	0.4725	0.4614	1.10
27	Gate	cross_out	0.4725	0.4609	1.16
27	Up	uniform	0.4700	0.3982	7.18
27	Up	proj_hist	0.4700	0.4654	0.46
27	Up	tile_hist	0.4700	0.4597	1.03
27	Up	cross_out	0.4700	0.4581	1.18
27	Down	uniform	0.4648	0.3976	6.73
27	Down	proj_hist	0.4648	0.4658	-0.10
27	Down	tile_hist	0.4648	0.4541	1.07
27	Down	cross_out	0.4648	0.4523	1.26
28	Q	uniform	0.4720	0.3977	7.43
28	Q	proj_hist	0.4720	0.4596	1.24
28	Q	tile_hist	0.4720	0.4608	1.12
28	Q	cross_out	0.4720	0.4606	1.14
28	K	uniform	0.4683	0.3974	7.09
28	K	proj_hist	0.4683	0.4595	0.89
28	K	tile_hist	0.4683	0.4561	1.22
28	K	cross_out	0.4683	0.4557	1.26
28	V	uniform	0.4687	0.3973	7.14
28	V	proj_hist	0.4687	0.4439	2.48
28	V	tile_hist	0.4687	0.4593	0.94
28	V	cross_out	0.4687	0.4582	1.05
28	O	uniform	0.4670	0.3978	6.92
28	O	proj_hist	0.4670	0.4655	0.15
28	O	tile_hist	0.4670	0.4556	1.14
28	O	cross_out	0.4670	0.4549	1.21
28	Gate	uniform	0.4666	0.3987	6.79
28	Gate	proj_hist	0.4666	0.4603	0.63
28	Gate	tile_hist	0.4666	0.4572	0.94
28	Gate	cross_out	0.4666	0.4549	1.17
28	Up	uniform	0.4683	0.3962	7.21
28	Up	proj_hist	0.4683	0.4580	1.03
28	Up	tile_hist	0.4683	0.4566	1.17
28	Up	cross_out	0.4683	0.4553	1.30
28	Down	uniform	0.4717	0.3986	7.31
28	Down	proj_hist	0.4717	0.4635	0.82
28	Down	tile_hist	0.4717	0.4601	1.16
28	Down	cross_out	0.4717	0.4602	1.15
29	Q	uniform	0.4691	0.3978	7.12
29	Q	proj_hist	0.4691	0.4608	0.82
29	Q	tile_hist	0.4691	0.4601	0.90
29	Q	cross_out	0.4691	0.4564	1.26
29	K	uniform	0.4733	0.3981	7.53
29	K	proj_hist	0.4733	0.4683	0.50
29	K	tile_hist	0.4733	0.4610	1.23
29	K	cross_out	0.4733	0.4615	1.18
29	V	uniform	0.4702	0.3980	7.22
29	V	proj_hist	0.4702	0.4670	0.32
29	V	tile_hist	0.4702	0.4590	1.12
29	V	cross_out	0.4702	0.4570	1.32
29	O	uniform	0.4634	0.3974	6.60
29	O	proj_hist	0.4634	0.4513	1.21
29	O	tile_hist	0.4634	0.4553	0.81
29	O	cross_out	0.4634	0.4537	0.96
29	Gate	uniform	0.4656	0.3983	6.73
29	Gate	proj_hist	0.4656	0.4614	0.42
29	Gate	tile_hist	0.4656	0.4554	1.01
29	Gate	cross_out	0.4656	0.4553	1.03
29	Up	uniform	0.4703	0.3981	7.22
29	Up	proj_hist	0.4703	0.4630	0.74
29	Up	tile_hist	0.4703	0.4609	0.94
29	Up	cross_out	0.4703	0.4596	1.07
29	Down	uniform	0.4615	0.3979	6.35
29	Down	proj_hist	0.4615	0.4626	-0.11
29	Down	tile_hist	0.4615	0.4557	0.57
29	Down	cross_out	0.4615	0.4521	0.93
30	Q	uniform	0.4669	0.3989	6.80
30	Q	proj_hist	0.4669	0.4527	1.42
30	Q	tile_hist	0.4669	0.4574	0.95
30	Q	cross_out	0.4669	0.4552	1.17
30	K	uniform	0.4655	0.3984	6.70
30	K	proj_hist	0.4655	0.4648	0.07
30	K	tile_hist	0.4655	0.4559	0.95
30	K	cross_out	0.4655	0.4550	1.04
30	V	uniform	0.4681	0.3978	7.03
30	V	proj_hist	0.4681	0.4603	0.78
30	V	tile_hist	0.4681	0.4571	1.10
30	V	cross_out	0.4681	0.4557	1.24
30	O	uniform	0.4676	0.3964	7.12
30	O	proj_hist	0.4676	0.4588	0.88
30	O	tile_hist	0.4676	0.4584	0.92
30	O	cross_out	0.4676	0.4564	1.12
30	Gate	uniform	0.4747	0.3974	7.73
30	Gate	proj_hist	0.4747	0.4573	1.73
30	Gate	tile_hist	0.4747	0.4612	1.34
30	Gate	cross_out	0.4747	0.4594	1.53
30	Up	uniform	0.4742	0.3986	7.56
30	Up	proj_hist	0.4742	0.4609	1.34
30	Up	tile_hist	0.4742	0.4608	1.34
30	Up	cross_out	0.4742	0.4606	1.37
30	Down	uniform	0.4587	0.3986	6.01
30	Down	proj_hist	0.4587	0.4532	0.55
30	Down	tile_hist	0.4587	0.4489	0.99
30	Down	cross_out	0.4587	0.4481	1.07
31	Q	uniform	0.4626	0.3973	6.52
31	Q	proj_hist	0.4626	0.4590	0.36
31	Q	tile_hist	0.4626	0.4531	0.95
31	Q	cross_out	0.4626	0.4520	1.06
31	K	uniform	0.4695	0.3983	7.12
31	K	proj_hist	0.4695	0.4670	0.25
31	K	tile_hist	0.4695	0.4568	1.27
31	K	cross_out	0.4695	0.4573	1.21
31	V	uniform	0.4683	0.3987	6.96
31	V	proj_hist	0.4683	0.4601	0.81
31	V	tile_hist	0.4683	0.4567	1.15
31	V	cross_out	0.4683	0.4553	1.30
31	O	uniform	0.4673	0.3978	6.95
31	O	proj_hist	0.4673	0.4499	1.75
31	O	tile_hist	0.4673	0.4559	1.15
31	O	cross_out	0.4673	0.4550	1.23
31	Gate	uniform	0.4725	0.3964	7.60
31	Gate	proj_hist	0.4725	0.4590	1.35
31	Gate	tile_hist	0.4725	0.4635	0.90
31	Gate	cross_out	0.4725	0.4610	1.15
31	Up	uniform	0.4650	0.3984	6.66
31	Up	proj_hist	0.4650	0.4536	1.14
31	Up	tile_hist	0.4650	0.4545	1.04
31	Up	cross_out	0.4650	0.4514	1.35
31	Down	uniform	0.4601	0.3994	6.07
31	Down	proj_hist	0.4601	0.4569	0.32
31	Down	tile_hist	0.4601	0.4525	0.77
31	Down	cross_out	0.4601	0.4495	1.07
